{
  "NODE_100_length_227_cov_27.553333": {
    "no_pos_hash_per_position_pr": 0.954545454545455
  },
  "NODE_101_length_209_cov_70.545455": {
    "no_pos_hash_per_position_pr": 0.713114754098361
  },
  "NODE_102_length_163_cov_35.860465": {
    "no_pos_hash_per_position_pr": 0.933333333333333
  },
  "NODE_103_length_159_cov_35.524390": {
    "no_pos_hash_per_position_pr": 0.956521739130435
  },
  "NODE_104_length_155_cov_6.589744": {
    "no_pos_hash_per_position_pr": 1.0
  },
  "NODE_105_length_154_cov_43.558442": {
    "no_pos_hash_per_position_pr": 0.833333333333333
  },
  "NODE_106_length_153_cov_28.118421": {
    "no_pos_hash_per_position_pr": 1.0
  },
  "NODE_107_length_153_cov_11.184211": {
    "no_pos_hash_per_position_pr": 1.0
  },
  "NODE_108_length_153_cov_9.868421": {
    "no_pos_hash_per_position_pr": 0.96
  },
  "NODE_109_length_152_cov_44.920000": {
    "no_pos_hash_per_position_pr": 1.0
  },
  "NODE_10_length_86440_cov_12.007978": {
    "no_pos_hash_per_position_pr": 0.883442419124029
  },
  "NODE_110_length_151_cov_31.243243": {
    "no_pos_hash_per_position_pr": 1.0
  },
  "NODE_111_length_150_cov_24.561644": {
    "no_pos_hash_per_position_pr": 1.0
  },
  "NODE_112_length_145_cov_9.705882": {
    "no_pos_hash_per_position_pr": 1.0
  },
  "NODE_113_length_144_cov_102.074627": {
    "no_pos_hash_per_position_pr": 0.875
  },
  "NODE_114_length_142_cov_32.907692": {
    "no_pos_hash_per_position_pr": 1.0
  },
  "NODE_115_length_140_cov_11.444444": {
    "no_pos_hash_per_position_pr": 0.986842105263158
  },
  "NODE_116_length_137_cov_6.366667": {
    "no_pos_hash_per_position_pr": 1.0
  },
  "NODE_117_length_132_cov_7.909091": {
    "no_pos_hash_per_position_pr": 1.0
  },
  "NODE_118_length_129_cov_4.557692": {
    "no_pos_hash_per_position_pr": 1.0
  },
  "NODE_119_length_121_cov_7.409091": {
    "no_pos_hash_per_position_pr": 1.0
  },
  "NODE_11_length_69327_cov_10.547625": {
    "no_pos_hash_per_position_pr": 0.892966872952312
  },
  "NODE_120_length_113_cov_29.027778": {
    "no_pos_hash_per_position_pr": 1.0
  },
  "NODE_121_length_112_cov_9.057143": {
    "no_pos_hash_per_position_pr": 1.0
  },
  "NODE_122_length_92_cov_24.933333": {
    "no_pos_hash_per_position_pr": 1.0
  },
  "NODE_123_length_78_cov_10.000000": {
    "no_pos_hash_per_position_pr": 1.0
  },
  "NODE_12_length_62125_cov_10.973746": {
    "no_pos_hash_per_position_pr": 0.890929110398653
  },
  "NODE_13_length_59303_cov_12.208675": {
    "no_pos_hash_per_position_pr": 0.878974966170501
  },
  "NODE_14_length_55182_cov_11.418129": {
    "no_pos_hash_per_position_pr": 0.883351928739963
  },
  "NODE_15_length_53642_cov_10.521889": {
    "no_pos_hash_per_position_pr": 0.893582606078844
  },
  "NODE_16_length_53232_cov_10.397253": {
    "no_pos_hash_per_position_pr": 0.893029708202786
  },
  "NODE_17_length_52183_cov_10.311749": {
    "no_pos_hash_per_position_pr": 0.90089213457166
  },
  "NODE_18_length_49715_cov_12.358314": {
    "no_pos_hash_per_position_pr": 0.88010879896459
  },
  "NODE_19_length_47455_cov_8.886065": {
    "no_pos_hash_per_position_pr": 0.909271845688031
  },
  "NODE_1_length_310026_cov_11.476385": {
    "no_pos_hash_per_position_pr": 0.886401017956704
  },
  "NODE_20_length_44434_cov_10.980770": {
    "no_pos_hash_per_position_pr": 0.892215974527471
  },
  "NODE_21_length_39324_cov_11.181339": {
    "no_pos_hash_per_position_pr": 0.889026786637708
  },
  "NODE_22_length_38485_cov_11.597870": {
    "no_pos_hash_per_position_pr": 0.88384795598726
  },
  "NODE_23_length_34982_cov_9.189457": {
    "no_pos_hash_per_position_pr": 0.905126651664647
  },
  "NODE_24_length_34709_cov_11.831052": {
    "no_pos_hash_per_position_pr": 0.884382864250383
  },
  "NODE_25_length_34069_cov_10.210520": {
    "no_pos_hash_per_position_pr": 0.898402904882801
  },
  "NODE_26_length_30468_cov_12.184792": {
    "no_pos_hash_per_position_pr": 0.881809062029761
  },
  "NODE_27_length_26109_cov_10.598417": {
    "no_pos_hash_per_position_pr": 0.893003637489358
  },
  "NODE_28_length_24648_cov_48.885882": {
    "no_pos_hash_per_position_pr": 0.678447204968944
  },
  "NODE_29_length_22216_cov_8.137676": {
    "no_pos_hash_per_position_pr": 0.924704373842428
  },
  "NODE_2_length_309701_cov_9.400295": {
    "no_pos_hash_per_position_pr": 0.904101810186979
  },
  "NODE_30_length_21055_cov_9.552198": {
    "no_pos_hash_per_position_pr": 0.902940615765895
  },
  "NODE_31_length_20210_cov_10.425818": {
    "no_pos_hash_per_position_pr": 0.895405620888977
  },
  "NODE_32_length_19742_cov_8.991965": {
    "no_pos_hash_per_position_pr": 0.906192189105858
  },
  "NODE_33_length_18239_cov_8.277998": {
    "no_pos_hash_per_position_pr": 0.914420634043963
  },
  "NODE_34_length_16127_cov_47.797508": {
    "no_pos_hash_per_position_pr": 0.652767342849987
  },
  "NODE_35_length_14943_cov_9.402597": {
    "no_pos_hash_per_position_pr": 0.904990006203046
  },
  "NODE_36_length_12414_cov_10.147686": {
    "no_pos_hash_per_position_pr": 0.897806246336766
  },
  "NODE_37_length_12380_cov_9.107372": {
    "no_pos_hash_per_position_pr": 0.908303367113436
  },
  "NODE_38_length_12170_cov_9.041015": {
    "no_pos_hash_per_position_pr": 0.908225982992338
  },
  "NODE_39_length_10311_cov_43.301446": {
    "no_pos_hash_per_position_pr": 0.679879850305298
  },
  "NODE_3_length_232584_cov_11.958724": {
    "no_pos_hash_per_position_pr": 0.880965153252147
  },
  "NODE_40_length_10159_cov_47.352906": {
    "no_pos_hash_per_position_pr": 0.660601819454164
  },
  "NODE_41_length_7221_cov_11.905935": {
    "no_pos_hash_per_position_pr": 0.891483516483517
  },
  "NODE_42_length_6327_cov_40.443520": {
    "no_pos_hash_per_position_pr": 0.696226109491416
  },
  "NODE_43_length_5536_cov_11.058252": {
    "no_pos_hash_per_position_pr": 0.892616191904048
  },
  "NODE_44_length_4700_cov_43.798832": {
    "no_pos_hash_per_position_pr": 0.681138711804792
  },
  "NODE_45_length_4423_cov_9.533594": {
    "no_pos_hash_per_position_pr": 0.905865986552284
  },
  "NODE_46_length_4229_cov_12.782274": {
    "no_pos_hash_per_position_pr": 0.887126619085382
  },
  "NODE_47_length_4088_cov_14.558464": {
    "no_pos_hash_per_position_pr": 0.866171488141777
  },
  "NODE_48_length_3994_cov_9.970641": {
    "no_pos_hash_per_position_pr": 0.899366921656555
  },
  "NODE_49_length_3950_cov_13.823909": {
    "no_pos_hash_per_position_pr": 0.893976897689769
  },
  "NODE_4_length_211617_cov_8.711681": {
    "no_pos_hash_per_position_pr": 0.910475036217132
  },
  "NODE_50_length_3848_cov_10.004243": {
    "no_pos_hash_per_position_pr": 0.905609492988134
  },
  "NODE_51_length_3822_cov_12.191455": {
    "no_pos_hash_per_position_pr": 0.880229150013323
  },
  "NODE_52_length_3777_cov_41.407568": {
    "no_pos_hash_per_position_pr": 0.685741864313293
  },
  "NODE_53_length_3757_cov_51.854620": {
    "no_pos_hash_per_position_pr": 0.654646324549237
  },
  "NODE_54_length_3685_cov_27.148282": {
    "no_pos_hash_per_position_pr": 0.775608375778155
  },
  "NODE_55_length_3453_cov_15.397216": {
    "no_pos_hash_per_position_pr": 0.865060240963855
  },
  "NODE_56_length_3358_cov_57.425480": {
    "no_pos_hash_per_position_pr": 0.615273311897106
  },
  "NODE_57_length_3280_cov_7.743990": {
    "no_pos_hash_per_position_pr": 0.915576323987539
  },
  "NODE_58_length_3086_cov_66.847125": {
    "no_pos_hash_per_position_pr": 0.513689253935661
  },
  "NODE_59_length_2519_cov_12.530303": {
    "no_pos_hash_per_position_pr": 0.878215767634855
  },
  "NODE_5_length_148755_cov_13.950504": {
    "no_pos_hash_per_position_pr": 0.866009865549744
  },
  "NODE_60_length_2312_cov_21.418345": {
    "no_pos_hash_per_position_pr": 0.827954437588989
  },
  "NODE_61_length_2139_cov_39.574200": {
    "no_pos_hash_per_position_pr": 0.691183879093199
  },
  "NODE_62_length_1968_cov_19.267054": {
    "no_pos_hash_per_position_pr": 0.899211711711712
  },
  "NODE_63_length_1941_cov_23.326717": {
    "no_pos_hash_per_position_pr": 0.80460088691796
  },