{
  "NODE_10_length_72458_cov_10.303381": {
    "no_pos_hash_per_position_pr": 0.894067914260329
  },
  "NODE_11_length_69729_cov_9.996167": {
    "no_pos_hash_per_position_pr": 0.897560299417799
  },
  "NODE_12_length_63515_cov_10.009553": {
    "no_pos_hash_per_position_pr": 0.899102042104599
  },
  "NODE_13_length_61789_cov_10.268327": {
    "no_pos_hash_per_position_pr": 0.894718809651999
  },
  "NODE_14_length_56042_cov_10.119914": {
    "no_pos_hash_per_position_pr": 0.898414082511308
  },
  "NODE_15_length_53643_cov_9.526995": {
    "no_pos_hash_per_position_pr": 0.900146898188256
  },
  "NODE_16_length_53370_cov_9.797347": {
    "no_pos_hash_per_position_pr": 0.898991425225702
  },
  "NODE_17_length_53225_cov_9.831847": {
    "no_pos_hash_per_position_pr": 0.897488790927245
  },
  "NODE_18_length_51471_cov_10.179535": {
    "no_pos_hash_per_position_pr": 0.893614948463652
  },
  "NODE_19_length_49564_cov_8.904581": {
    "no_pos_hash_per_position_pr": 0.905600916774101
  },
  "NODE_1_length_330110_cov_10.162872": {
    "no_pos_hash_per_position_pr": 0.895653128028821
  },
  "NODE_20_length_49433_cov_9.187150": {
    "no_pos_hash_per_position_pr": 0.905503251081985
  },
  "NODE_21_length_47455_cov_9.245050": {
    "no_pos_hash_per_position_pr": 0.905946884662629
  },
  "NODE_22_length_40668_cov_14.596117": {
    "no_pos_hash_per_position_pr": 0.853462994580952
  },
  "NODE_23_length_38242_cov_8.817136": {
    "no_pos_hash_per_position_pr": 0.90762085208284
  },
  "NODE_24_length_34935_cov_8.803632": {
    "no_pos_hash_per_position_pr": 0.908969152337337
  },
  "NODE_25_length_34709_cov_10.348319": {
    "no_pos_hash_per_position_pr": 0.893704089305339
  },
  "NODE_26_length_33102_cov_10.370235": {
    "no_pos_hash_per_position_pr": 0.896355525884566
  },
  "NODE_27_length_30278_cov_10.777093": {
    "no_pos_hash_per_position_pr": 0.889814476784707
  },
  "NODE_28_length_29500_cov_10.616457": {
    "no_pos_hash_per_position_pr": 0.894681285753201
  },
  "NODE_29_length_29467_cov_11.077952": {
    "no_pos_hash_per_position_pr": 0.892109442679757
  },
  "NODE_2_length_261439_cov_10.498405": {
    "no_pos_hash_per_position_pr": 0.892604366718111
  },
  "NODE_30_length_22830_cov_8.619962": {
    "no_pos_hash_per_position_pr": 0.915279115636897
  },
  "NODE_31_length_21151_cov_19.362247": {
    "no_pos_hash_per_position_pr": 0.81909786586815
  },
  "NODE_32_length_21058_cov_9.534865": {
    "no_pos_hash_per_position_pr": 0.904461179162099
  },
  "NODE_33_length_20817_cov_9.544696": {
    "no_pos_hash_per_position_pr": 0.904369471699937
  },
  "NODE_34_length_20253_cov_10.329253": {
    "no_pos_hash_per_position_pr": 0.895858223815213
  },
  "NODE_35_length_19845_cov_8.356081": {
    "no_pos_hash_per_position_pr": 0.913156808093321
  },
  "NODE_36_length_19448_cov_8.601311": {
    "no_pos_hash_per_position_pr": 0.90594939355918
  },
  "NODE_37_length_16637_cov_8.574034": {
    "no_pos_hash_per_position_pr": 0.911610303992187
  },
  "NODE_38_length_12460_cov_8.761043": {
    "no_pos_hash_per_position_pr": 0.907667473769169
  },
  "NODE_39_length_11996_cov_9.189362": {
    "no_pos_hash_per_position_pr": 0.902807047121302
  },
  "NODE_3_length_214493_cov_9.287632": {
    "no_pos_hash_per_position_pr": 0.905084475613644
  },
  "NODE_40_length_11190_cov_8.724647": {
    "no_pos_hash_per_position_pr": 0.909058295964126
  },
  "NODE_41_length_6647_cov_20.989498": {
    "no_pos_hash_per_position_pr": 0.809363008442057
  },
  "NODE_42_length_5861_cov_9.591286": {
    "no_pos_hash_per_position_pr": 0.902864816472695
  },
  "NODE_43_length_5498_cov_10.083379": {
    "no_pos_hash_per_position_pr": 0.898325358851675
  },
  "NODE_44_length_5066_cov_11.107035": {
    "no_pos_hash_per_position_pr": 0.879581151832461
  },
  "NODE_45_length_4078_cov_9.272682": {
    "no_pos_hash_per_position_pr": 0.902805864509606
  },
  "NODE_46_length_3496_cov_8.588184": {
    "no_pos_hash_per_position_pr": 0.905663145539906
  },
  "NODE_47_length_3280_cov_8.366219": {
    "no_pos_hash_per_position_pr": 0.908469055374593
  },
  "NODE_48_length_3090_cov_27.958181": {
    "no_pos_hash_per_position_pr": 0.703401360544218
  },
  "NODE_49_length_2950_cov_9.320919": {
    "no_pos_hash_per_position_pr": 0.910102437301307
  },
  "NODE_4_length_173229_cov_8.684428": {
    "no_pos_hash_per_position_pr": 0.908820399523441
  },
  "NODE_50_length_2608_cov_9.088503": {
    "no_pos_hash_per_position_pr": 0.896577017114914
  },
  "NODE_51_length_2519_cov_9.744062": {
    "no_pos_hash_per_position_pr": 0.89568191534844
  },
  "NODE_52_length_2214_cov_9.255030": {
    "no_pos_hash_per_position_pr": 0.897402597402597
  },
  "NODE_53_length_1882_cov_13.341274": {
    "no_pos_hash_per_position_pr": 0.860444177671068
  },
  "NODE_54_length_1659_cov_29.332491": {
    "no_pos_hash_per_position_pr": 0.723127035830619
  },
  "NODE_55_length_1501_cov_57.312500": {
    "no_pos_hash_per_position_pr": 0.632570162481536
  },
  "NODE_56_length_1105_cov_8.202335": {
    "no_pos_hash_per_position_pr": 0.916054564533054
  },
  "NODE_57_length_1007_cov_6.844086": {
    "no_pos_hash_per_position_pr": 0.935079726651481
  },
  "NODE_58_length_824_cov_4.875502": {
    "no_pos_hash_per_position_pr": 0.945972495088409
  },
  "NODE_59_length_708_cov_7.657686": {
    "no_pos_hash_per_position_pr": 0.914503816793893
  },
  "NODE_5_length_154083_cov_9.025505": {
    "no_pos_hash_per_position_pr": 0.906371378567757
  },
  "NODE_60_length_682_cov_6.588430": {
    "no_pos_hash_per_position_pr": 0.889871382636656
  },
  "NODE_61_length_570_cov_15.713996": {
    "no_pos_hash_per_position_pr": 0.879032258064516
  },
  "NODE_62_length_513_cov_23.066514": {
    "no_pos_hash_per_position_pr": 0.832358674463938
  },
  "NODE_63_length_498_cov_23.161520": {
    "no_pos_hash_per_position_pr": 0.812849162011173
  },
  "NODE_64_length_415_cov_7.426036": {
    "no_pos_hash_per_position_pr": 0.95067264573991
  },
  "NODE_65_length_399_cov_20.484472": {
    "no_pos_hash_per_position_pr": 0.858024691358025
  },
  "NODE_66_length_398_cov_9.713396": {
    "no_pos_hash_per_position_pr": 0.92112676056338
  },
  "NODE_67_length_398_cov_6.834891": {
    "no_pos_hash_per_position_pr": 0.922535211267606
  },
  "NODE_68_length_393_cov_3.363924": {
    "no_pos_hash_per_position_pr": 0.954773869346734
  },
  "NODE_69_length_380_cov_15.752475": {
    "no_pos_hash_per_position_pr": 0.865107913669065
  },
  "NODE_6_length_146689_cov_9.273306": {
    "no_pos_hash_per_position_pr": 0.904259093731449
  },
  "NODE_70_length_375_cov_11.503356": {
    "no_pos_hash_per_position_pr": 0.909090909090909
  },
  "NODE_71_length_375_cov_6.553691": {
    "no_pos_hash_per_position_pr": 0.964015151515151
  },
  "NODE_72_length_372_cov_26.274576": {
    "no_pos_hash_per_position_pr": 0.847368421052632
  },
  "NODE_73_length_329_cov_9.464286": {
    "no_pos_hash_per_position_pr": 0.905660377358491
  },
  "NODE_74_length_328_cov_17.721116": {
    "no_pos_hash_per_position_pr": 0.886925795053004
  },
  "NODE_75_length_275_cov_18.767677": {
    "no_pos_hash_per_position_pr": 0.878048780487805
  },
  "NODE_76_length_259_cov_6.115385": {
    "no_pos_hash_per_position_pr": 0.992063492063492
  },
  "NODE_77_length_250_cov_8.606936": {
    "no_pos_hash_per_position_pr": 0.941860465116279
  },
  "NODE_78_length_249_cov_9.645349": {
    "no_pos_hash_per_position_pr": 0.945544554455445
  },
  "NODE_79_length_234_cov_19.955414": {
    "no_pos_hash_per_position_pr": 0.911290322580645
  },
  "NODE_7_length_138722_cov_10.762458": {
    "no_pos_hash_per_position_pr": 0.890220548915321
  },
  "NODE_80_length_230_cov_10.947712": {
    "no_pos_hash_per_position_pr": 0.938775510204082
  },
  "NODE_81_length_227_cov_13.946667": {
    "no_pos_hash_per_position_pr": 0.846153846153846
  },
  "NODE_82_length_209_cov_36.643939": {
    "no_pos_hash_per_position_pr": 0.823076923076923
  },
  "NODE_83_length_194_cov_13.239316": {
    "no_pos_hash_per_position_pr": 0.897058823529412
  },