{
  "NODE_100_length_227_cov_27.553333": {
    "no_pos_hash_per_position_pr": 0.923076923076923
  },
  "NODE_101_length_209_cov_70.545455": {
    "no_pos_hash_per_position_pr": 0.800970873786408
  },
  "NODE_102_length_163_cov_35.860465": {
    "no_pos_hash_per_position_pr": 0.947368421052632
  },
  "NODE_103_length_159_cov_35.524390": {
    "no_pos_hash_per_position_pr": 1.0
  },
  "NODE_104_length_155_cov_6.589744": {
    "no_pos_hash_per_position_pr": 1.0
  },
  "NODE_105_length_154_cov_43.558442": {
    "no_pos_hash_per_position_pr": 1.0
  },
  "NODE_106_length_153_cov_28.118421": {
    "no_pos_hash_per_position_pr": 1.0
  },
  "NODE_107_length_153_cov_11.184211": {
    "no_pos_hash_per_position_pr": 1.0
  },
  "NODE_108_length_153_cov_9.868421": {
    "no_pos_hash_per_position_pr": 1.0
  },
  "NODE_109_length_152_cov_44.920000": {
    "no_pos_hash_per_position_pr": 1.0
  },
  "NODE_10_length_86440_cov_12.007978": {
    "no_pos_hash_per_position_pr": 0.884490365885142
  },
  "NODE_110_length_151_cov_31.243243": {
    "no_pos_hash_per_position_pr": 1.0
  },
  "NODE_111_length_150_cov_24.561644": {
    "no_pos_hash_per_position_pr": 1.0
  },
  "NODE_112_length_145_cov_9.705882": {
    "no_pos_hash_per_position_pr": 0.875
  },
  "NODE_113_length_144_cov_102.074627": {
    "no_pos_hash_per_position_pr": 0.916666666666667
  },
  "NODE_114_length_142_cov_32.907692": {
    "no_pos_hash_per_position_pr": 1.0
  },
  "NODE_115_length_140_cov_11.444444": {
    "no_pos_hash_per_position_pr": 0.9
  },
  "NODE_116_length_137_cov_6.366667": {
    "no_pos_hash_per_position_pr": 1.0
  },
  "NODE_117_length_132_cov_7.909091": {
    "no_pos_hash_per_position_pr": 1.0
  },
  "NODE_118_length_129_cov_4.557692": {
    "no_pos_hash_per_position_pr": 1.0
  },
  "NODE_119_length_121_cov_7.409091": {
    "no_pos_hash_per_position_pr": 0.9375
  },
  "NODE_11_length_69327_cov_10.547625": {
    "no_pos_hash_per_position_pr": 0.8978322309956
  },
  "NODE_120_length_113_cov_29.027778": {
    "no_pos_hash_per_position_pr": 1.0
  },
  "NODE_121_length_112_cov_9.057143": {
    "no_pos_hash_per_position_pr": 1.0
  },
  "NODE_122_length_92_cov_24.933333": {
    "no_pos_hash_per_position_pr": 1.0
  },
  "NODE_123_length_78_cov_10.000000": {
    "no_pos_hash_per_position_pr": 1.0
  },
  "NODE_12_length_62125_cov_10.973746": {
    "no_pos_hash_per_position_pr": 0.896734376518612
  },
  "NODE_13_length_59303_cov_12.208675": {
    "no_pos_hash_per_position_pr": 0.887145612017051
  },
  "NODE_14_length_55182_cov_11.418129": {
    "no_pos_hash_per_position_pr": 0.896225548718891
  },
  "NODE_15_length_53642_cov_10.521889": {
    "no_pos_hash_per_position_pr": 0.896052780609356
  },
  "NODE_16_length_53232_cov_10.397253": {
    "no_pos_hash_per_position_pr": 0.896738310708899
  },
  "NODE_17_length_52183_cov_10.311749": {
    "no_pos_hash_per_position_pr": 0.895577300920754
  },
  "NODE_18_length_49715_cov_12.358314": {
    "no_pos_hash_per_position_pr": 0.888299377475948
  },
  "NODE_19_length_47455_cov_8.886065": {
    "no_pos_hash_per_position_pr": 0.908953232229094
  },
  "NODE_1_length_310026_cov_11.476385": {
    "no_pos_hash_per_position_pr": 0.890627478785642
  },
  "NODE_20_length_44434_cov_10.980770": {
    "no_pos_hash_per_position_pr": 0.896547048720962
  },
  "NODE_21_length_39324_cov_11.181339": {
    "no_pos_hash_per_position_pr": 0.903675506057255
  },
  "NODE_22_length_38485_cov_11.597870": {
    "no_pos_hash_per_position_pr": 0.896114111909382
  },
  "NODE_23_length_34982_cov_9.189457": {
    "no_pos_hash_per_position_pr": 0.909127601914317
  },
  "NODE_24_length_34709_cov_11.831052": {
    "no_pos_hash_per_position_pr": 0.885940800324065
  },
  "NODE_25_length_34069_cov_10.210520": {
    "no_pos_hash_per_position_pr": 0.896121147715197
  },
  "NODE_26_length_30468_cov_12.184792": {
    "no_pos_hash_per_position_pr": 0.884797861677247
  },
  "NODE_27_length_26109_cov_10.598417": {
    "no_pos_hash_per_position_pr": 0.89061103989434
  },
  "NODE_28_length_24648_cov_48.885882": {
    "no_pos_hash_per_position_pr": 0.818076429429056
  },
  "NODE_29_length_22216_cov_8.137676": {
    "no_pos_hash_per_position_pr": 0.916165090283749
  },
  "NODE_2_length_309701_cov_9.400295": {
    "no_pos_hash_per_position_pr": 0.905333302421398
  },
  "NODE_30_length_21055_cov_9.552198": {
    "no_pos_hash_per_position_pr": 0.90014771752597
  },
  "NODE_31_length_20210_cov_10.425818": {
    "no_pos_hash_per_position_pr": 0.89920298879203
  },
  "NODE_32_length_19742_cov_8.991965": {
    "no_pos_hash_per_position_pr": 0.901533473987547
  },
  "NODE_33_length_18239_cov_8.277998": {
    "no_pos_hash_per_position_pr": 0.908549036922567
  },
  "NODE_34_length_16127_cov_47.797508": {
    "no_pos_hash_per_position_pr": 1.0
  },
  "NODE_35_length_14943_cov_9.402597": {
    "no_pos_hash_per_position_pr": 0.896520591707757
  },
  "NODE_36_length_12414_cov_10.147686": {
    "no_pos_hash_per_position_pr": 0.904068328106948
  },
  "NODE_37_length_12380_cov_9.107372": {
    "no_pos_hash_per_position_pr": 0.907289368309226
  },
  "NODE_38_length_12170_cov_9.041015": {
    "no_pos_hash_per_position_pr": 0.911652542372881
  },
  "NODE_39_length_10311_cov_43.301446": {
    "no_pos_hash_per_position_pr": 1.0
  },
  "NODE_3_length_232584_cov_11.958724": {
    "no_pos_hash_per_position_pr": 0.886992027999222
  },
  "NODE_40_length_10159_cov_47.352906": {
    "no_pos_hash_per_position_pr": 1.0
  },
  "NODE_41_length_7221_cov_11.905935": {
    "no_pos_hash_per_position_pr": 0.999142979574347
  },
  "NODE_42_length_6327_cov_40.443520": {
    "no_pos_hash_per_position_pr": 1.0
  },
  "NODE_43_length_5536_cov_11.058252": {
    "no_pos_hash_per_position_pr": 0.999261447562777
  },
  "NODE_44_length_4700_cov_43.798832": {
    "no_pos_hash_per_position_pr": 1.0
  },
  "NODE_45_length_4423_cov_9.533594": {
    "no_pos_hash_per_position_pr": 0.913793103448276
  },
  "NODE_46_length_4229_cov_12.782274": {
    "no_pos_hash_per_position_pr": 0.895060148451497
  },
  "NODE_47_length_4088_cov_14.558464": {
    "no_pos_hash_per_position_pr": 0.9026369168357
  },
  "NODE_48_length_3994_cov_9.970641": {
    "no_pos_hash_per_position_pr": 0.899288451012589
  },
  "NODE_49_length_3950_cov_13.823909": {
    "no_pos_hash_per_position_pr": 0.9981930820857
  },
  "NODE_4_length_211617_cov_8.711681": {
    "no_pos_hash_per_position_pr": 0.910956762339742
  },
  "NODE_50_length_3848_cov_10.004243": {
    "no_pos_hash_per_position_pr": 0.999350311850312
  },
  "NODE_51_length_3822_cov_12.191455": {
    "no_pos_hash_per_position_pr": 0.887823074873435
  },
  "NODE_52_length_3777_cov_41.407568": {
    "no_pos_hash_per_position_pr": 1.0
  },
  "NODE_53_length_3757_cov_51.854620": {
    "no_pos_hash_per_position_pr": 1.0
  },
  "NODE_54_length_3685_cov_27.148282": {
    "no_pos_hash_per_position_pr": 1.0
  },
  "NODE_55_length_3453_cov_15.397216": {
    "no_pos_hash_per_position_pr": 0.886854741896759
  },
  "NODE_56_length_3358_cov_57.425480": {
    "no_pos_hash_per_position_pr": 1.0
  },
  "NODE_57_length_3280_cov_7.743990": {
    "no_pos_hash_per_position_pr": 0.910691624365482
  },
  "NODE_58_length_3086_cov_66.847125": {
    "no_pos_hash_per_position_pr": 0.678031575411488
  },
  "NODE_59_length_2519_cov_12.530303": {
    "no_pos_hash_per_position_pr": 0.896084964598084
  },
  "NODE_5_length_148755_cov_13.950504": {
    "no_pos_hash_per_position_pr": 0.882666162121253
  },
  "NODE_60_length_2312_cov_21.418345": {
    "no_pos_hash_per_position_pr": 0.999351211072664
  },
  "NODE_61_length_2139_cov_39.574200": {
    "no_pos_hash_per_position_pr": 1.0
  },
  "NODE_62_length_1968_cov_19.267054": {
    "no_pos_hash_per_position_pr": 0.995592286501377
  },
  "NODE_63_length_1941_cov_23.326717": {
    "no_pos_hash_per_position_pr": 0.817954419121734
  },
  "NODE_64_length_1918_cov_40.489223": {
    "no_pos_hash_per_position_pr": 1.0
  },
  "NODE_65_length_1659_cov_57.446903": {
    "no_pos_hash_per_position_pr": 0.709986772486772
  },